<?xml version="1.0" encoding="utf-8"?>
<manifest identifier="mOXfbkk09lxpZ" xmlns="http://www.imsproject.org/xsd/imscp_rootv1p1p2" xmlns:adlcp="http://www.adlnet.org/xsd/adlcp_rootv1p2" xmlns:xsi="http://www.w3.org/2001/XMLSchema-instance" xmlns:lom="http://www.imsglobal.org/xsd/imsmd_rootv1p2p1" xsi:schemaLocation="http://www.imsproject.org/xsd/imscp_rootv1p1p2 imscp_rootv1p1p2.xsd http://www.imsglobal.org/xsd/imsmd_rootv1p2p1 imsmd_rootv1p2p1.xsd http://www.adlnet.org/xsd/adlcp_rootv1p2 adlcp_rootv1p2.xsd">
	<metadata>
		<schema>ADL SCORM</schema>
		<schemaversion>1.2</schemaversion>
		<lom:lom>
			<lom:general>
				<lom:title>
					<lom:langstring>Quiz18092025</lom:langstring>
				</lom:title>
			</lom:general>
			<lom:educational>
				<lom:typicallearningtime>
				<lom:datetime>01:00:00</lom:datetime>
				</lom:typicallearningtime>
			</lom:educational>
		</lom:lom>
	</metadata>
	<organizations default="quiz18092025_organization">
		<organization identifier="quiz18092025_organization">

			<title>Quiz18092025</title>
			<item identifier="FA5634D6-CB75-4D2D-B6B7-D06951F28956" identifierref="resource">
				<title>Quiz3</title>
			</item>
		</organization>
	</organizations>
	<resources>
		<resource identifier="resource" type="webcontent" adlcp:scormtype="sco" href="res/index.html">
			<file href="res/data/apple-touch-icon.png"/>
<file href="res/data/browsersupport.js"/>
<file href="res/data/favicon.ico"/>
<file href="res/data/fonts/fnt0.woff"/>
<file href="res/data/fonts/fnt1.woff"/>
<file href="res/data/fonts/fnt2.woff"/>
<file href="res/data/fonts/fnt3.woff"/>
<file href="res/data/fonts/fnt4.woff"/>
<file href="res/data/fonts/fnt5.woff"/>
<file href="res/data/goodbye.html"/>
<file href="res/data/html5-unsupported.html"/>
<file href="res/data/images/img-02b5841de37abf2b82783c37e0ae140110450c69.png"/>
<file href="res/data/images/img-0d3610e88485531363be07937b4234065d2cc698.png"/>
<file href="res/data/images/img-1dec2b2d7d34b0467ffc9bbadfd1fbb17ef9818f.png"/>
<file href="res/data/images/img-1fa16f9587cc2e5a5254dcf386f043d8736fbef4.jpg"/>
<file href="res/data/images/img-457f2c7a289accc77f377faa90b6dfcabee27f16.png"/>
<file href="res/data/images/img-53958b3b081d7aab2c2cbf06082ce765165f6a1d.png"/>
<file href="res/data/images/img-62af2ae28c3644d00c5ac07e32229355e125025f.png"/>
<file href="res/data/images/img-7498733ada93ed5b566eff613501970a1e62c0f3.png"/>
<file href="res/data/images/img-7f708ff800f04159d16d5db6ff7168969682a413.png"/>
<file href="res/data/images/img-82bfc659be708382f93bb138fe3e459ac4274944.png"/>
<file href="res/data/images/img-9a064310811cbcc6df03826ee4b70f781780adc7.png"/>
<file href="res/data/images/img-a396a9918fbabd9f1863321cadc214966f9dd774.png"/>
<file href="res/data/images/img-a40eccafe74cfb0d6e41fc3b34c536cb21267031.png"/>
<file href="res/data/images/img-cf72be1ecb5a921d5365e4a846cf1d2aad8637ef.png"/>
<file href="res/data/images/img-de2904e5201cf156b38a7ff6808c525f1ea60171.png"/>
<file href="res/data/images/img-df0c4ee3fca6511bd770d78310239c2ece987aec.png"/>
<file href="res/data/images/img-e21b6d0962fe3021fa7b30207efa925087ec03da.png"/>
<file href="res/data/images/img-f83f36e81872264a161a914190b9ed3a2cabd37f.png"/>
<file href="res/data/lms.js"/>
<file href="res/data/player.js"/>
<file href="res/index.html"/>

		</resource>
	</resources>
</manifest>